List,world,type
Sublist 1,action,n
Sublist 1,also,adv
Sublist 1,analysis,n
Sublist 1,approach,n
Sublist 1,argue,v
Sublist 1,argument,n
Sublist 1,assumption,n
Sublist 1,basically,adv
Sublist 1,become,linking
Sublist 1,become,v
Sublist 1,between,prep
Sublist 1,case,n
Sublist 1,context,n
Sublist 1,control,n
Sublist 1,control,v
Sublist 1,country,n
Sublist 1,culture,n
Sublist 1,data,n
Sublist 1,define,v
Sublist 1,definition,n
Sublist 1,demand,n
Sublist 1,design,n
Sublist 1,design,v
Sublist 1,develop,v
Sublist 1,diagram,n
Sublist 1,difference,n
Sublist 1,different,adj
Sublist 1,direction,n
Sublist 1,economic,adj
Sublist 1,effect,n
Sublist 1,equal,adj
Sublist 1,equal,n
Sublist 1,equal,v
Sublist 1,error,n
Sublist 1,essentially,adv
Sublist 1,example,n
Sublist 1,experiment,n
Sublist 1,factor,n
Sublist 1,failure,n
Sublist 1,focus,n
Sublist 1,focus,v
Sublist 1,form,n
Sublist 1,form,v
Sublist 1,function,n
Sublist 1,function,v
Sublist 1,general,adj
Sublist 1,group,n
Sublist 1,group,v
Sublist 1,handout,n
Sublist 1,history,n
Sublist 1,human,adj
Sublist 1,human,n
Sublist 1,hypothesis,n
Sublist 1,idea,n
Sublist 1,important,adj
Sublist 1,individual,adj
Sublist 1,individual,n
Sublist 1,international,adj
Sublist 1,kind,n
Sublist 1,knowledge,n
Sublist 1,language,n
Sublist 1,learning,n
Sublist 1,lecture,n
Sublist 1,level,n
Sublist 1,material,n
Sublist 1,measure,n
Sublist 1,measure,v
Sublist 1,method,n
Sublist 1,model,n
Sublist 1,movement,n
Sublist 1,natural,adj
Sublist 1,nature,n
Sublist 1,observe,v
Sublist 1,occur,v
Sublist 1,OK,adj
Sublist 1,OK,adv
Sublist 1,OK,exclam
Sublist 1,particular,adj
Sublist 1,particularly,adv
Sublist 1,per,prep
Sublist 1,period,n
Sublist 1,phase,n
Sublist 1,population,n
Sublist 1,principle,n
Sublist 1,probability,n
Sublist 1,process,n
Sublist 1,produce,n
Sublist 1,produce,v
Sublist 1,product,n
Sublist 1,production,n
Sublist 1,rate,n
Sublist 1,relationship,n
Sublist 1,research,n
Sublist 1,research,v
Sublist 1,response,n
Sublist 1,sense,n
Sublist 1,set,n
Sublist 1,set,v
Sublist 1,simple,adj
Sublist 1,simply,adv
Sublist 1,social,adj
Sublist 1,society,n
Sublist 1,solution,n
Sublist 1,source,n
Sublist 1,state,n
Sublist 1,state,v
Sublist 1,structure,n
Sublist 1,structure,v
Sublist 1,student,n
Sublist 1,study,n
Sublist 1,study,v
Sublist 1,system,n
Sublist 1,text,n
Sublist 1,theory,n
Sublist 1,topic,n
Sublist 1,type,n
Sublist 1,value,n
Sublist 1,variable,adj
Sublist 1,variable,n
Sublist 1,word,n
Sublist 1,world,n
Sublist 2,academic,adj
Sublist 2,academic,n
Sublist 2,actually,adv
Sublist 2,analyse,v
Sublist 2,assume,v
Sublist 2,based,adj
Sublist 2,basic,adj
Sublist 2,begin,v
Sublist 2,behaviour,n
Sublist 2,body,n
Sublist 2,cause,n
Sublist 2,cause,v
Sublist 2,certain,adj
Sublist 2,change,n
Sublist 2,change,v
Sublist 2,class,n
Sublist 2,column,n
Sublist 2,common,adj
Sublist 2,compare,v
Sublist 2,complex,adj
Sublist 2,concept,n
Sublist 2,concern,v
Sublist 2,condition,n
Sublist 2,course,n
Sublist 2,create,v
Sublist 2,degree,n
Sublist 2,describe,v
Sublist 2,detail,n
Sublist 2,development,n
Sublist 2,element,n
Sublist 2,environment,n
Sublist 2,evidence,n
Sublist 2,exchange,n
Sublist 2,explain,v
Sublist 2,explanation,n
Sublist 2,fact,n
Sublist 2,final,adj
Sublist 2,flow,n
Sublist 2,flow,v
Sublist 2,force,n
Sublist 2,force,v
Sublist 2,generate,v
Sublist 2,identity,n
Sublist 2,image,n
Sublist 2,influence,n
Sublist 2,influence,v
Sublist 2,information,n
Sublist 2,interesting,adj
Sublist 2,issue,n
Sublist 2,law,n
Sublist 2,learn,v
Sublist 2,less,adv
Sublist 2,less,det/pron
Sublist 2,may,modal
Sublist 2,may,v
Sublist 2,means,n
Sublist 2,modern,adj
Sublist 2,notion,n
Sublist 2,object,n
Sublist 2,often,adv
Sublist 2,output,n
Sublist 2,possible,adj
Sublist 2,power,n
Sublist 2,practice,n
Sublist 2,pressure,n
Sublist 2,primary,adj
Sublist 2,problem,n
Sublist 2,question,n
Sublist 2,question,v
Sublist 2,random,adj
Sublist 2,range,n
Sublist 2,rather,adv
Sublist 2,reading,n
Sublist 2,real,adj
Sublist 2,reason,n
Sublist 2,recognize,v
Sublist 2,related,adj
Sublist 2,relation,n
Sublist 2,relatively,adv
Sublist 2,represent,v
Sublist 2,result,n
Sublist 2,result,v
Sublist 2,role,n
Sublist 2,science,n
Sublist 2,seminar,n
Sublist 2,series,n
Sublist 2,shape,n
Sublist 2,shape,v
Sublist 2,slide,n
Sublist 2,so,conj
Sublist 2,sort,n
Sublist 2,sort,v
Sublist 2,specific,adj
Sublist 2,stage,n
Sublist 2,strategy,n
Sublist 2,talk,n
Sublist 2,talk,v
Sublist 2,technology,n
Sublist 2,tend,v
Sublist 2,term,n
Sublist 2,terms,n
Sublist 2,test,n
Sublist 2,test,v
Sublist 2,therefore,adv
Sublist 2,thought,n
Sublist 2,treatment,n
Sublist 2,understand,v
Sublist 2,use,n
Sublist 2,use,v
Sublist 2,useful,adj
Sublist 2,various,adj
Sublist 2,volume,n
Sublist 2,whole,adj
Sublist 2,whole,n
Sublist 2,within,prep
Sublist 2,write,v
Sublist 3,according to,prep
Sublist 3,account,n
Sublist 3,account,v
Sublist 3,aim,n
Sublist 3,aim,v
Sublist 3,almost,adv
Sublist 3,amount,n
Sublist 3,amount,v
Sublist 3,aspect,n
Sublist 3,associated,adj
Sublist 3,attempt,n
Sublist 3,attempt,v
Sublist 3,attitude,n
Sublist 3,barrier,n
Sublist 3,beginning,n
Sublist 3,call,v
Sublist 3,characteristic,adj
Sublist 3,characteristic,n
Sublist 3,classic,adj
Sublist 3,classic,n
Sublist 3,classical,adj
Sublist 3,clearly,adv
Sublist 3,combination,n
Sublist 3,completely,adv
Sublist 3,component,n
Sublist 3,conflict,n
Sublist 3,conflict,v
Sublist 3,consequence,n
Sublist 3,cultural,adj
Sublist 3,derive,v
Sublist 3,directly,adv
Sublist 3,distinction,n
Sublist 3,divide,v
Sublist 3,enter,v
Sublist 3,entry,n
Sublist 3,establish,v
Sublist 3,exist,v
Sublist 3,famous,adj
Sublist 3,foreign,adj
Sublist 3,framework,n
Sublist 3,free,adj
Sublist 3,gain,n
Sublist 3,gain,v
Sublist 3,gender,n
Sublist 3,given,adj
Sublist 3,growth,n
Sublist 3,happen,v
Sublist 3,here,adv
Sublist 3,highly,adv
Sublist 3,huge,adj
Sublist 3,impact,n
Sublist 3,instance,n
Sublist 3,interest,n
Sublist 3,interested,adj
Sublist 3,judgement,n
Sublist 3,key,adj
Sublist 3,key,n
Sublist 3,large,adj
Sublist 3,later,adj
Sublist 3,later,adv
Sublist 3,line,n
Sublist 3,list,n
Sublist 3,list,v
Sublist 3,literature,n
Sublist 3,loss,n
Sublist 3,mechanism,n
Sublist 3,module,n
Sublist 3,move,v
Sublist 3,national,adj
Sublist 3,negative,adj
Sublist 3,negative,n
Sublist 3,normal,adj
Sublist 3,number,n
Sublist 3,obvious,adj
Sublist 3,obviously,adv
Sublist 3,part,n
Sublist 3,perspective,n
Sublist 3,point,n
Sublist 3,point,v
Sublist 3,position,n
Sublist 3,positive,adj
Sublist 3,positive,n
Sublist 3,publish,v
Sublist 3,purpose,n
Sublist 3,ratio,n
Sublist 3,reaction,n
Sublist 3,read,v
Sublist 3,reflect,v
Sublist 3,reject,v
Sublist 3,resource,n
Sublist 3,risk,n
Sublist 3,same,adj
Sublist 3,same,pron
Sublist 3,scale,n
Sublist 3,sequence,n
Sublist 3,show,v
Sublist 3,significant,adj
Sublist 3,slightly,adv
Sublist 3,small,adj
Sublist 3,so-called,adj
Sublist 3,standard,adj
Sublist 3,standard,n
Sublist 3,suppose,v
Sublist 3,survival,n
Sublist 3,target,n
Sublist 3,target,v
Sublist 3,teach,v
Sublist 3,technique,n
Sublist 3,textbook,n
Sublist 3,together,adv
Sublist 3,true,adj
Sublist 3,university,n
Sublist 3,variation,n
Sublist 3,variety,n
Sublist 3,very,adv
Sublist 3,way,n
Sublist 3,whereas,conj
Sublist 4,ability,n
Sublist 4,again,adv
Sublist 4,although,conj
Sublist 4,apply,v
Sublist 4,area,n
Sublist 4,because,conj
Sublist 4,briefly,adv
Sublist 4,care,n
Sublist 4,central,adj
Sublist 4,choice,n
Sublist 4,choose,v
Sublist 4,communication,n
Sublist 4,conclusion,n
Sublist 4,construct,v
Sublist 4,contain,v
Sublist 4,contrast,n
Sublist 4,contrast,v
Sublist 4,critical,adj
Sublist 4,crucial,adj
Sublist 4,decision,n
Sublist 4,depend,v
Sublist 4,determine,v
Sublist 4,difficult,adj
Sublist 4,direct,adj
Sublist 4,direct,v
Sublist 4,distinguish,v
Sublist 4,draw,v
Sublist 4,duty,n
Sublist 4,early,adj
Sublist 4,effective,adj
Sublist 4,effectively,adv
Sublist 4,event,n
Sublist 4,existence,n
Sublist 4,experience,n
Sublist 4,experience,v
Sublist 4,expert,adj
Sublist 4,expert,n
Sublist 4,expression,n
Sublist 4,extreme,adj
Sublist 4,extreme,n
Sublist 4,extremely,adv
Sublist 4,fairly,adv
Sublist 4,finally,adv
Sublist 4,following,adj
Sublist 4,following,prep
Sublist 4,formal,adj
Sublist 4,generally,adv
Sublist 4,global,adj
Sublist 4,guess,n
Sublist 4,guess,v
Sublist 4,hence,adv
Sublist 4,high,adj
Sublist 4,however,adv
Sublist 4,importance,n
Sublist 4,increase,n
Sublist 4,increase,v
Sublist 4,input,n
Sublist 4,introduce,v
Sublist 4,introduction,n
Sublist 4,low,adj
Sublist 4,lower,adj
Sublist 4,main,adj
Sublist 4,major,adj
Sublist 4,mention,v
Sublist 4,might,modal
Sublist 4,might,v
Sublist 4,necessarily,adv
Sublist 4,new,adj
Sublist 4,note,n
Sublist 4,note,v
Sublist 4,objective,adj
Sublist 4,objective,n
Sublist 4,operation,n
Sublist 4,order,n
Sublist 4,order,v
Sublist 4,per cent,adj
Sublist 4,per cent,n
Sublist 4,phenomenon,n
Sublist 4,physical,adj
Sublist 4,picture,n
Sublist 4,possibility,n
Sublist 4,powerful,adj
Sublist 4,practical,adj
Sublist 4,practical,n
Sublist 4,predict,v
Sublist 4,previous,adj
Sublist 4,procedure,n
Sublist 4,professional,adj
Sublist 4,professional,n
Sublist 4,quantity,n
Sublist 4,quickly,adv
Sublist 4,rational,adj
Sublist 4,reduce,v
Sublist 4,rule,n
Sublist 4,scientific,adj
Sublist 4,session,n
Sublist 4,similar,adj
Sublist 4,skill,n
Sublist 4,sometimes,adv
Sublist 4,story,n
Sublist 4,straightforward,adj
Sublist 4,stress,n
Sublist 4,stress,v
Sublist 4,subject,adj
Sublist 4,subject,n
Sublist 4,such,det/pron
Sublist 4,suggest,v
Sublist 4,supply,n
Sublist 4,supply,v
Sublist 4,task,n
Sublist 4,technical,adj
Sublist 4,thing,n
Sublist 4,title,n
Sublist 4,underlying,adj
Sublist 4,understanding,n
Sublist 4,unit,n
Sublist 4,version,n
Sublist 4,view,n
Sublist 4,view,v
Sublist 5,absolute,adj
Sublist 5,access,n
Sublist 5,active,adj
Sublist 5,activity,n
Sublist 5,advantage,n
Sublist 5,appear,v
Sublist 5,average,adj
Sublist 5,average,n
Sublist 5,background,n
Sublist 5,basis,n
Sublist 5,can,modal
Sublist 5,can,v
Sublist 5,capacity,n
Sublist 5,category,n
Sublist 5,chain,n
Sublist 5,claim,n
Sublist 5,claim,v
Sublist 5,community,n
Sublist 5,contemporary,adj
Sublist 5,contemporary,n
Sublist 5,correspond,v
Sublist 5,cycle,n
Sublist 5,developed,adj
Sublist 5,dimension,n
Sublist 5,discuss,v
Sublist 5,discussion,n
Sublist 5,distinct,adj
Sublist 5,emerge,v
Sublist 5,emphasis,n
Sublist 5,emphasize,v
Sublist 5,environmental,adj
Sublist 5,equivalent,adj
Sublist 5,equivalent,n
Sublist 5,experimental,adj
Sublist 5,extent,n
Sublist 5,external,adj
Sublist 5,familiar,adj
Sublist 5,feature,n
Sublist 5,female,adj
Sublist 5,female,n
Sublist 5,generation,n
Sublist 5,illustrate,v
Sublist 5,interact,v
Sublist 5,interaction,n
Sublist 5,intermediate,adj
Sublist 5,internal,adj
Sublist 5,interpretation,n
Sublist 5,invent,v
Sublist 5,involve,v
Sublist 5,journal,n
Sublist 5,largely,adv
Sublist 5,lead,v
Sublist 5,lecturer,n
Sublist 5,likely,adj
Sublist 5,limit,n
Sublist 5,limit,v
Sublist 5,look,v
Sublist 5,male,adj
Sublist 5,male,n
Sublist 5,maximum,adj
Sublist 5,maximum,n
Sublist 5,memory,n
Sublist 5,middle,n
Sublist 5,need,v
Sublist 5,observation,n
Sublist 5,operate,v
Sublist 5,origin,n
Sublist 5,outcome,n
Sublist 5,parallel,n
Sublist 5,pattern,n
Sublist 5,perceive,v
Sublist 5,perfectly,adv
Sublist 5,potential,adj
Sublist 5,potential,n
Sublist 5,potentially,adv
Sublist 5,presence,n
Sublist 5,prevent,v
Sublist 5,proportion,n
Sublist 5,quality,n
Sublist 5,rapidly,adv
Sublist 5,react,v
Sublist 5,reality,n
Sublist 5,refer,v
Sublist 5,reference,n
Sublist 5,reflection,n
Sublist 5,rely,v
Sublist 5,representation,n
Sublist 5,require,v
Sublist 5,respond,v
Sublist 5,sheet,n
Sublist 5,shift,n
Sublist 5,shift,v
Sublist 5,significance,n
Sublist 5,single,adj
Sublist 5,somehow,adv
Sublist 5,spread,n
Sublist 5,spread,v
Sublist 5,structural,adj
Sublist 5,sum,n
Sublist 5,sum,v
Sublist 5,summary,n
Sublist 5,tendency,n
Sublist 5,theme,n
Sublist 5,theoretical,adj
Sublist 5,throughout,adv
Sublist 5,throughout,prep
Sublist 5,total,adj
Sublist 5,total,n
Sublist 5,transfer,n
Sublist 5,transfer,v
Sublist 5,try,v
Sublist 5,tutor,n
Sublist 5,typical,adj
Sublist 5,typically,adv
Sublist 5,used,adj
Sublist 5,welfare,n
Sublist 6,acquire,v
Sublist 6,adapt,v
Sublist 6,add,v
Sublist 6,adult,adj
Sublist 6,adult,n
Sublist 6,affect,v
Sublist 6,already,adv
Sublist 6,answer,n
Sublist 6,answer,v
Sublist 6,arise,v
Sublist 6,article,n
Sublist 6,attack,n
Sublist 6,attack,v
Sublist 6,attention,n
Sublist 6,author,n
Sublist 6,avoid,v
Sublist 6,balance,n
Sublist 6,behave,v
Sublist 6,benefit,n
Sublist 6,beyond,adv
Sublist 6,beyond,prep
Sublist 6,broad,adj
Sublist 6,centre,n
Sublist 6,circumstance,n
Sublist 6,clear,adj
Sublist 6,closely,adv
Sublist 6,code,n
Sublist 6,combine,v
Sublist 6,concentrate,v
Sublist 6,conclude,v
Sublist 6,consider,v
Sublist 6,content,n
Sublist 6,deal,v
Sublist 6,decline,n
Sublist 6,decline,v
Sublist 6,department,n
Sublist 6,description,n
Sublist 6,destroy,v
Sublist 6,differ,v
Sublist 6,discover,v
Sublist 6,easily,adv
Sublist 6,end,n
Sublist 6,end,v
Sublist 6,entirely,adv
Sublist 6,essential,adj
Sublist 6,exactly,adv
Sublist 6,exam,n
Sublist 6,explore,v
Sublist 6,fail,v
Sublist 6,find,v
Sublist 6,fundamental,adj
Sublist 6,grow,v
Sublist 6,hopefully,adv
Sublist 6,identify,v
Sublist 6,imply,v
Sublist 6,increasingly,adv
Sublist 6,indeed,adv
Sublist 6,initial,adj
Sublist 6,interpret,v
Sublist 6,involved,adj
Sublist 6,label,n
Sublist 6,label,v
Sublist 6,limited,adj
Sublist 6,link,n
Sublist 6,link,v
Sublist 6,maintain,v
Sublist 6,majority,n
Sublist 6,many,pron
Sublist 6,mental,adj
Sublist 6,moment,n
Sublist 6,motivation,n
Sublist 6,nevertheless,adv
Sublist 6,option,n
Sublist 6,organization,n
Sublist 6,partly,adv
Sublist 6,perform,v
Sublist 6,perhaps,adv
Sublist 6,popular,adj
Sublist 6,precisely,adv
Sublist 6,prefer,v
Sublist 6,progress,n
Sublist 6,pure,adj
Sublist 6,quote,n
Sublist 6,quote,v
Sublist 6,reach,v
Sublist 6,recognition,n
Sublist 6,relevant,adj
Sublist 6,roughly,adv
Sublist 6,sample,n
Sublist 6,secondly,adv
Sublist 6,section,n
Sublist 6,sexual,adj
Sublist 6,sign,n
Sublist 6,sign,v
Sublist 6,situation,n
Sublist 6,space,n
Sublist 6,split,v
Sublist 6,stable,adj
Sublist 6,strength,n
Sublist 6,style,n
Sublist 6,symbol,n
Sublist 6,teacher,n
Sublist 6,trace,n
Sublist 6,traditional,adj
Sublist 6,treat,v
Sublist 6,trend,n
Sublist 6,trust,n
Sublist 6,trust,v
Sublist 6,upper,adj
Sublist 6,vary,v
Sublist 6,whatever,pron
